Workbook

Sheet Tablero migración
A1: Tablero de migración — Rebranding IVI Institute Education
A2: Canales: A=CSS CDN · B=JS CDN · C=Additional HTML · D=bloques por página · D'=plantillas BD. Estado: ☐ Pendiente · ⏳ En curso · ✅ Hecho · ⚠️ Incidencia · — N/A · ❓ Revisar. Rellena «Tiempo real» durante el ensayo en PRE-2.
A3: Nº | B3: Fase | C3: Canal | D3: Tarea / Panel | E3: Responsable (lote) | F3: Tiempo est. (min) | G3: Tiempo real (min) | H3: Estado | I3: Incidencias / Notas
A4: 1 | B4: 0. Preparación | C4: — | D4: Clonar / confirmar PRE-2 como copia de PRE | E4: Coordinación | F4: 30 | H4: ☐ Pendiente
A5: 2 | B5: 0. Preparación | C5: — | D5: Congelar código (rama estable) | E5: Coordinación | F5: 15 | H5: ☐ Pendiente
A6: 3 | B6: 0. Preparación | C6: A/B | D6: Crear tag de versión de assets (CSS + footer.js) | E6: Coordinación | F6: 15 | H6: ☐ Pendiente
A7: 4 | B7: 1. Bloques | C7: D | D7: 1 · Formación General con LFE (Home) | E7: P1 · Home & Formación | F7: 45 | H7: ☐ Pendiente
A8: 5 | B8: 1. Bloques | C8: D | D8: 2 · Externos | E8: P1 · Home & Formación | F8: 18 | H8: ☐ Pendiente
A9: 6 | B9: 1. Bloques | C9: D | D9: 20 · OneTech Training (por confirmar) | E9: P1 · Home & Formación | F9: 13 | H9: ☐ Pendiente
A10: 7 | B10: 1. Bloques | C10: D | D10: 23 · PNTs | E10: P1 · Home & Formación | F10: 13 | H10: ☐ Pendiente
A11: 8 | B11: 1. Bloques | C11: D | D11: 3 · Formación Learning for Excellence | E11: P2 · LFE | F11: 32 | H11: ☐ Pendiente
A12: 9 | B12: 1. Bloques | C12: D | D12: 4 · Visor de Puntos LFE | E12: P2 · LFE | F12: 12 | H12: ☐ Pendiente
A13: 10 | B13: 1. Bloques | C13: D | D13: 5 · Monthly Seminars | E13: P2 · LFE | F13: 27 | H13: ☐ Pendiente
A14: 11 | B14: 1. Bloques | C14: D | D14: 6 · Must Read Papers (por confirmar) | E14: P2 · LFE | F14: 12 | H14: ☐ Pendiente
A15: 12 | B15: 1. Bloques | C15: D | D15: 19 · Visor de Puntos LFE 2025 | E15: P2 · LFE | F15: 9 | H15: ☐ Pendiente
... A33: 30 | B33: 3. Verificación | C33: — | D33: Smoke test cruzado (23 paneles + responsive) | E33: Todos | F33: 75 | H33: ☐ Pendiente
A34: 31 | B34: Excluidos / revisar | C34: — | D34: 11 · Iberia-latam (no se usa) | E34: — | H34: — N/A
A35: 32 | B35: Excluidos / revisar | C35: — | D35: 13 · Juno Academy (revisar) | E35: — | H35: ❓ Revisar
A36: 33 | B36: Excluidos / revisar | C36: — | D36: 15 · … Status (revisar) | E36: — | H36: ❓ Revisar
D38: TOTALES | E38: Suma est. (min): | F38: =SUM(F4:F36) -> 587
E39: Suma real (min): | F39: =SUM(G4:G36) -> 0
E40: Est. en horas: | F40: =ROUND(F38/60,1) -> 9.8
E41: Tareas hechas: | F41: =COUNTIF(H4:H36,"✅ Hecho")&" / "&COUNTA(H4:H36) -> 0 / 33

Sheet Reparto y tiempos
A1: Reparto por persona y escenarios de tiempo
A3: Responsable / lote | B3: Tiempo est. (min) | C3: Tiempo real (min) | D3: Est. (h)
A4: P1 · Home & Formación | B4: =SUMIF('Tablero migración'!E:E,A4,'Tablero migración'!F:F) -> 89 | C4: =SUMIF('Tablero migración'!E:E,A4,'Tablero migración'!G:G) -> 0 | D4: =ROUND(B4/60,1) -> 1.5
A5: P2 · LFE | B5: =SUMIF('Tablero migración'!E:E,A5,'Tablero migración'!F:F) -> 92 | C5: =SUMIF('Tablero migración'!E:E,A5,'Tablero migración'!G:G) -> 0 | D5: =ROUND(B5/60,1) -> 1.5
A6: P3 · Admin | B6: =SUMIF('Tablero migración'!E:E,A6,'Tablero migración'!F:F) -> 118 | C6: =SUMIF('Tablero migración'!E:E,A6,'Tablero migración'!G:G) -> 0 | D6: =ROUND(B6/60,1) -> 2
A7: P4 · Expediente & IMR | B7: =SUMIF('Tablero migración'!E:E,A7,'Tablero migración'!F:F) -> 101 | C7: =SUMIF('Tablero migración'!E:E,A7,'Tablero migración'!G:G) -> 0 | D7: =ROUND(B7/60,1) -> 1.7
A8: Coordinación | B8: =SUMIF('Tablero migración'!E:E,A8,'Tablero migración'!F:F) -> 112 | C8: =SUMIF('Tablero migración'!E:E,A8,'Tablero migración'!G:G) -> 0 | D8: =ROUND(B8/60,1) -> 1.9
A9: Todos | B9: =SUMIF('Tablero migración'!E:E,A9,'Tablero migración'!F:F) -> 75 | C9: =SUMIF('Tablero migración'!E:E,A9,'Tablero migración'!G:G) -> 0 | D9: =ROUND(B9/60,1) -> 1.3
A11: Escenarios de tiempo (calendario)
A12: 1 persona (todo en serie) | B12: ~1,5–2 jornadas (≈ 10–12 h efectivas)
A13: Equipo de 3 (bloques en paralelo, global en serie) | B13: ~medio día (≈ 4 h)
A14: Equipo de 4 | B14: ~3–3,5 h
A15: Límite inferior (pasos globales + purga + smoke) | B15: ~1–1,5 h — no se paraleliza
A17: Parada del campus (downtime)
A18: Estrategia recomendada (staging + cutover) | B18: Ventana de ~30–45 min en horario valle (solo cutover global + purga + smoke)
A19: Estrategia CSS primero | B19: Sin parada dura, pero ~1,5–2 h de estado visualmente mixto
A20: Máxima prudencia | B20: Banner de mantenimiento ~45–60 min, de noche / fin de semana
